地点,短评,出发时间,天数,人均费用,人物,玩法,浏览量,详情页
地点,短评,出发时间,天数,人均费用,人物,玩法,浏览量,详情页
杭州旅游攻略,2022杭州赏樱  樱花烂漫几多时？樱飞漫山花归谷，打卡浙版“奈良吉野山”,2022/03/26,2,500,,自驾 赏樱 踏春,1.4万,https://travel.qunar.com/travelbook/note/7728544
遂昌旅游攻略,丽水遂昌，春风十里不如你！,2022/03/16,3,2000,三五好友,第一次 自驾 美食,4.3万,https://travel.qunar.com/travelbook/note/7728320
琼海旅游攻略,【奔赴.大海】2022年春节，海南环岛自驾5日,2022/02/03,5,700,,自驾 美食 海滨海岛 春节 踏春,1.1万,https://travel.qunar.com/travelbook/note/7728282
【宝藏纪念】大美山西，表里山河，与历史重逢（山西自驾游）,【宝藏纪念】大美山西，表里山河，与历史重逢（山西自驾游）,2022/03/03,7,1400,闺蜜,自驾 踏春,1.1万,https://travel.qunar.com/travelbook/note/7727564
阿尔山旅游攻略,一个人的阿尔山之冬,2022/03/14,3,2500,独自一人,自驾 摄影 冬季,1.1万,https://travel.qunar.com/travelbook/note/7727333
三亚旅游攻略,1日游,2021/03/02,5,3000,闺蜜,美食 穷游,1.3万,https://travel.qunar.com/travelbook/note/7725971
丽江旅游攻略,云南自由行攻略|冬日暖阳丽江、洱海治愈系风景；畅玩十天人均2500元,2021/12/12,1,2500,家庭,深度游 穷游 摄影 冬季,7567,https://travel.qunar.com/travelbook/note/7725785
中部旅游攻略,日本中部 嗨翻天的亲子之旅,2022/02/12,1,,,,5.7万,https://travel.qunar.com/travelbook/note/7724142
敦煌旅游攻略,88km横穿戈壁沙漠和峡谷---走在历史的长河里,2020/11/10,5,,三五好友,第一次 徒步,4032,https://travel.qunar.com/travelbook/note/7724084
顺德旅游攻略,被你随手扔掉的柚子皮，在顺德厨师手中，摇身一变成为桌上佳肴,2022/01/24,2,400,闺蜜,深度游 美食,2.2万,https://travel.qunar.com/travelbook/note/7721975
大连旅游攻略,大连冬游，大有精彩  MemoryImage,2022/01/05,1,5000,三五好友,深度游 自驾 美食 跨年 春节,2.8万,https://travel.qunar.com/travelbook/note/7721963
大连旅游攻略,吃在大连这｜这份来自大连五天四夜的美食攻略，请收藏！,2022/01/25,5,5000,三五好友,第一次 深度游 冬季 寒假,3.9万,https://travel.qunar.com/travelbook/note/7721859
拉萨旅游攻略,跋山涉水去看你,2019/09/15,14,5000,情侣,第一次,4012,https://travel.qunar.com/travelbook/note/7721643
长白山旅游攻略,长白山 | 满足你对冬日冰雪世界的所有幻想,2021/12/03,4,4500,情侣,第一次 深度游 滑雪 冬季,7236,https://travel.qunar.com/travelbook/note/7721122
三亚旅游攻略,海南印象 | 这个冬天，去一次温暖的海南吧,2021/10/25,6,,家庭,,1.7万,https://travel.qunar.com/travelbook/note/7720639
太原旅游攻略,山西旅游攻略｜2021年在山西,2022/01/02,5,4000,三五好友,古镇 冬季 寒假,1.9万,https://travel.qunar.com/travelbook/note/7720175
尉犁旅游攻略,自驾南疆 | 尉犁胡杨染黄了塔里木河沿岸，大漠深处惊艳了时光（干货贴）,2021/10/24,6,2000,三五好友,自驾 赏秋,7182,https://travel.qunar.com/travelbook/note/7719826
地点,短评,出发时间,天数,人均费用,人物,玩法,浏览量,详情页
杭州旅游攻略,2022杭州赏樱  樱花烂漫几多时？樱飞漫山花归谷，打卡浙版“奈良吉野山”,2022/03/26,2,500,,自驾 赏樱 踏春,1.4万,https://travel.qunar.com/travelbook/note/7728544
遂昌旅游攻略,丽水遂昌，春风十里不如你！,2022/03/16,3,2000,三五好友,第一次 自驾 美食,4.3万,https://travel.qunar.com/travelbook/note/7728320
琼海旅游攻略,【奔赴.大海】2022年春节，海南环岛自驾5日,2022/02/03,5,700,,自驾 美食 海滨海岛 春节 踏春,1.1万,https://travel.qunar.com/travelbook/note/7728282
【宝藏纪念】大美山西，表里山河，与历史重逢（山西自驾游）,【宝藏纪念】大美山西，表里山河，与历史重逢（山西自驾游）,2022/03/03,7,1400,闺蜜,自驾 踏春,1.1万,https://travel.qunar.com/travelbook/note/7727564
阿尔山旅游攻略,一个人的阿尔山之冬,2022/03/14,3,2500,独自一人,自驾 摄影 冬季,1.1万,https://travel.qunar.com/travelbook/note/7727333
三亚旅游攻略,1日游,2021/03/02,5,3000,闺蜜,美食 穷游,1.3万,https://travel.qunar.com/travelbook/note/7725971
丽江旅游攻略,云南自由行攻略|冬日暖阳丽江、洱海治愈系风景；畅玩十天人均2500元,2021/12/12,1,2500,家庭,深度游 穷游 摄影 冬季,7600,https://travel.qunar.com/travelbook/note/7725785
中部旅游攻略,日本中部 嗨翻天的亲子之旅,2022/02/12,1,,,,5.7万,https://travel.qunar.com/travelbook/note/7724142
敦煌旅游攻略,88km横穿戈壁沙漠和峡谷---走在历史的长河里,2020/11/10,5,,三五好友,第一次 徒步,4056,https://travel.qunar.com/travelbook/note/7724084
顺德旅游攻略,被你随手扔掉的柚子皮，在顺德厨师手中，摇身一变成为桌上佳肴,2022/01/24,2,400,闺蜜,深度游 美食,2.2万,https://travel.qunar.com/travelbook/note/7721975
大连旅游攻略,大连冬游，大有精彩  MemoryImage,2022/01/05,1,5000,三五好友,深度游 自驾 美食 跨年 春节,2.8万,https://travel.qunar.com/travelbook/note/7721963
大连旅游攻略,吃在大连这｜这份来自大连五天四夜的美食攻略，请收藏！,2022/01/25,5,5000,三五好友,第一次 深度游 冬季 寒假,3.9万,https://travel.qunar.com/travelbook/note/7721859
拉萨旅游攻略,跋山涉水去看你,2019/09/15,14,5000,情侣,第一次,4030,https://travel.qunar.com/travelbook/note/7721643
长白山旅游攻略,长白山 | 满足你对冬日冰雪世界的所有幻想,2021/12/03,4,4500,情侣,第一次 深度游 滑雪 冬季,7251,https://travel.qunar.com/travelbook/note/7721122
三亚旅游攻略,海南印象 | 这个冬天，去一次温暖的海南吧,2021/10/25,6,,家庭,,1.7万,https://travel.qunar.com/travelbook/note/7720639
太原旅游攻略,山西旅游攻略｜2021年在山西,2022/01/02,5,4000,三五好友,古镇 冬季 寒假,1.9万,https://travel.qunar.com/travelbook/note/7720175
尉犁旅游攻略,自驾南疆 | 尉犁胡杨染黄了塔里木河沿岸，大漠深处惊艳了时光（干货贴）,2021/10/24,6,2000,三五好友,自驾 赏秋,7198,https://travel.qunar.com/travelbook/note/7719826
建德旅游攻略,2022第一场旅行，在建德新安江畔，游船跨年、逛古城、赏非遗,2022/01/04,1,,,,8919,https://travel.qunar.com/travelbook/note/7719713
三亚旅游攻略,2日游,2021/12/24,8,666,,,7920,https://travel.qunar.com/travelbook/note/7718277
吉林市旅游攻略,未命名标题,2021/12/24,1,,,,5942,https://travel.qunar.com/travelbook/note/7718113
乐山旅游攻略,乐山乐胃乐逍遥，人生总该有一次专程为了吃的旅行,2021/12/22,2,,情侣,美食,1.6万,https://travel.qunar.com/travelbook/note/7717775
北京旅游攻略,内蒙古，秋色在草原与森林间肆意，火山与天池雕刻着记忆,2021/10/01,7,,家庭,深度游 自驾 摄影 赏秋 国庆,318,https://travel.qunar.com/travelbook/note/7717678
桂林旅游攻略,总有一个世外桃源在等你,2021/09/25,6,,,,7023,https://travel.qunar.com/travelbook/note/7717392
丽江旅游攻略,15天游云南,2021/07/16,15,7800,,,4270,https://travel.qunar.com/travelbook/note/7716940
日喀则喜马拉雅五条沟，我们沿着边境线走了一周,日喀则喜马拉雅五条沟，我们沿着边境线走了一周,2021/11/20,8,8000,情侣,,31.3万,https://travel.qunar.com/travelbook/note/7716003
南雄旅游攻略,秋日南雄邂逅一期一遇的金黄色浪漫，边遛娃边露营,2021/11/26,3,1000,亲子,短途周末 赏枫 赏秋 寒假,1.2万,https://travel.qunar.com/travelbook/note/7715770
成都旅游攻略,成都plus重庆,2021/09/18,7,,亲子,,6621,https://travel.qunar.com/travelbook/note/7715484
加德满都旅游攻略,【2014.12.14-18】似乎注定的尼泊尔，等风来,2014/12/14,5,2600,独自一人,第一次 冬季,3960,https://travel.qunar.com/travelbook/note/7715444
四明山旅游攻略,踏着深秋的落叶，去四明山来场自驾游,2021/11/24,2,663,情侣,第一次 自驾,1.1万,https://travel.qunar.com/travelbook/note/7714964
连南旅游攻略,KK粤北觅银杏      一叶一世界,2021/12/02,5,1200,家庭,自驾 摄影 赏枫 赏秋,7199,https://travel.qunar.com/travelbook/note/7714958
潮州旅游攻略,潮州｜上山下水深度游潮州，逛吃大街小巷地道美食 ,2021/11/10,5,1500,三五好友,深度游 自驾,4万,https://travel.qunar.com/travelbook/note/7714783
潮州旅游攻略,潮州吃逛行程全攻略，五条线路一网打尽，应有尽有不踩雷,2021/11/10,5,2000,三五好友,深度游 自驾 古镇,2758,https://travel.qunar.com/travelbook/note/7714510
佛冈旅游攻略,东莞出发自驾：韶关坪田银杏森林公园+丹霞山+清远森波拉温泉及奇妙世界,2021/11/23,4,1120,家庭,自驾,7188,https://travel.qunar.com/travelbook/note/7714042
恩施旅游攻略,上天入地，深入湖北秘境，带你看那些隐藏的宝藏风景！,2021/10/18,11,5000,三五好友,深度游 自驾 赏秋 冬季,9666,https://travel.qunar.com/travelbook/note/7712861
三江旅游攻略,魅力乡村·美宿龙城-28家民宿实地考察-助力乡村旅游振兴,2021/09/22,5,2000,,,7920,https://travel.qunar.com/travelbook/note/7712836
泉州旅游攻略,#发游记瓜分奖金#历经千年的繁华古城泉州，如今却有着别样的闲情逸致。,2021/11/19,5,5000,,深度游,9366,https://travel.qunar.com/travelbook/note/7712384
大连旅游攻略,大连旅游攻略：附行程路线+本地人建议！（2021年最新~）,2021/10/15,3,1000,独自一人,深度游 国庆,9848,https://travel.qunar.com/travelbook/note/7712336
厦门旅游攻略,环游厦门 | 鹭岛时光之路，赴一场文艺约会 #发游记瓜分奖金#,2021/01/01,4,2000,,摄影 环游 深度游 跨年,8426,https://travel.qunar.com/travelbook/note/7712203
【柯桥验客】| 以美食之名，赴一场舌尖上的柯桥之约,【柯桥验客】| 以美食之名，赴一场舌尖上的柯桥之约,2021/11/06,3,3000,三五好友,,7.9万,https://travel.qunar.com/travelbook/note/7712107
东兴旅游攻略,去广西嗦粉，去防城港看海，去东兴游越南,2021/09/21,3,1600,情侣,自驾 美食 海滨海岛 中秋节,9410,https://travel.qunar.com/travelbook/note/7712072
薄荷岛旅游攻略,人均5000，薄荷岛六天五晚自由行攻略,2019/05/30,6,5000,闺蜜,潜水 美食 第一次,6546,https://travel.qunar.com/travelbook/note/7711351
新加坡旅游攻略,#发游记瓜分奖金#....ฅ(*`ω´*)ฅ狮城新加坡（+民丹岛）,2018/03/31,8,,情侣,第一次 深度游 美食,9145,https://travel.qunar.com/travelbook/note/7711235
本溪旅游攻略,自驾本溪 | 在本桓公路追逐秋色，记录北国最美枫叶,2021/10/08,3,1300,情侣,自驾 摄影 赏枫 赏秋,4912,https://travel.qunar.com/travelbook/note/7710554
营口旅游攻略,暖暖秋冬营口之旅，唯温泉与海鲜不可辜负,2021/10/22,3,,三五好友,温泉 冬季,3.9万,https://travel.qunar.com/travelbook/note/7710013
荆门旅游攻略,叁人钟祥京山随州叁日游,2021/11/01,3,350,家庭,穷游 自驾 第一次 赏秋 万圣节,4864,https://travel.qunar.com/travelbook/note/7709959
重庆旅游攻略,重庆：8D魔幻城市来一场说走就走的旅行,2021/10/09,4,3000,闺蜜,短途周末 穷游 美食 国庆,7538,https://travel.qunar.com/travelbook/note/7709337
阿尔山旅游攻略,内蒙古 锡林郭勒+阿尔山,2021/09/25,13,5000,家庭,第一次 深度游 自驾 国庆,5992,https://travel.qunar.com/travelbook/note/7708851
北京旅游攻略,两天一夜，古北水镇冬季游~,2018/03/03,1,700,情侣,第一次 短途周末 春节,1.3万,https://travel.qunar.com/travelbook/note/7708560
滁州旅游攻略,自驾游安徽，江淮分水岭、一路好风景，滁州不再缺乏存在感,2021/09/21,1,1500,三五好友,自驾 美食 古镇 中秋节,5434,https://travel.qunar.com/travelbook/note/7708353
敦煌旅游攻略,独自一人的河西走廊之行,2021/10/11,9,,独自一人,环游,3994,https://travel.qunar.com/travelbook/note/7708208
额济纳旗旅游攻略,大西北自驾游16天～额济纳旗胡杨林,2021/10/20,1,,,,5563,https://travel.qunar.com/travelbook/note/7707398
呼伦贝尔旅游攻略,分享干货  季北教你如何策划去呼伦贝尔的旅程,2021/10/01,12,5000,三五好友,自驾 国庆,8943,https://travel.qunar.com/travelbook/note/7707239
苏州旅游攻略,十日游之——苏州篇,2021/10/11,2,800,家庭,自驾 国庆,825,https://travel.qunar.com/travelbook/note/7707064
阳朔旅游攻略,遇见阳朔的光与影，晨与昏，山与水,2021/09/24,4,5000,闺蜜,深度游 摄影 赏秋,9914,https://travel.qunar.com/travelbook/note/7706235
九江旅游攻略,江西九江  牵起你的手，邂逅我们的庐山恋,2021/09/22,4,3000,情侣,深度游 短途周末 自驾 中秋节 国庆,3.8万,https://travel.qunar.com/travelbook/note/7705385
兰州旅游攻略,胡杨林、敦煌--我的一趟苦旅,2021/09/23,7,,独自一人,赏秋,5360,https://travel.qunar.com/travelbook/note/7704396
南京旅游攻略,走进高淳，打卡网红打卡地固城湾景区，品尝固城湖螃蟹,2021/10/02,1,,,,1.6万,https://travel.qunar.com/travelbook/note/7703951
阿坝旅游攻略,青春在路上，世界在脚下！自驾川甘小众秘境,2021/09/18,7,2000,三五好友,自驾 赏秋,1.9万,https://travel.qunar.com/travelbook/note/7703500
海口旅游攻略,自驾海南环岛东线，从海口到三亚旅行，打卡万宁、陵水和保亭,2021/09/01,9,10000,三五好友,深度游 自驾,1.1万,https://travel.qunar.com/travelbook/note/7703434
8日游,8日游,2021/09/21,8,200,,,9911,https://travel.qunar.com/travelbook/note/7703152
龙脊梯田旅游攻略,拯救周末计划丨2天1晚丨稻谷丰收的龙脊梯田，金灿灿的一片谁不爱呢？,2020/10/17,2,600,三五好友,深度游 短途周末 自驾 赏秋,9765,https://travel.qunar.com/travelbook/note/7702701
重庆旅游攻略,雾都重庆，半城烟火半城山,2021/09/16,3,1500,三五好友,短途周末 摄影,1.4万,https://travel.qunar.com/travelbook/note/7701464
赤壁旅游攻略,贰人洪湖赤壁叁日穷游记,2021/09/02,3,360,家庭,温泉 自驾 短途周末 赏秋 暑假,2.2万,https://travel.qunar.com/travelbook/note/7699882
九寨沟旅游攻略,再游九黄线，情系风景中,2021/09/06,3,,独自一人,深度游 摄影 夏季,1万,https://travel.qunar.com/travelbook/note/7699187
张掖旅游攻略,青海甘肃的心动之旅,2021/07/25,8,6000,三五好友,,7126,https://travel.qunar.com/travelbook/note/7698902
泸县旅游攻略,川中48时辰·寻古川南   夏日的小确幸，是穿过时间遇见你,2021/07/24,2,600,三五好友,深度游 短途周末 自驾 暑假,1.2万,https://travel.qunar.com/travelbook/note/7698371
敦煌旅游攻略,青甘大环线心游记,2021/07/26,6,7200,情侣,美食 摄影 自驾 暑假,1.3万,https://travel.qunar.com/travelbook/note/7698229
三亚旅游攻略,海南五天四夜,2021/02/19,1,,,,1.5万,https://travel.qunar.com/travelbook/note/7698115
茂名旅游攻略,路过人间，无非一瞬间（云浮、茂名）,2021/08/30,3,1200,独自一人,短途周末 自驾 摄影 夏季 中秋节,9526,https://travel.qunar.com/travelbook/note/7697789
平潭旅游攻略,带着宝贝去旅游之泉州平潭厦门篇 2021/6/24-6/29,2021/06/24,6,,亲子,海滨海岛 暑假,8509,https://travel.qunar.com/travelbook/note/7697738
理塘旅游攻略,从理塘到格聂，7天沉浸式打卡丁真的世界,2021/07/29,7,5000,三五好友,深度游 自驾 夏季 暑假,1.2万,https://travel.qunar.com/travelbook/note/7696576
成都旅游攻略,#发游记 赢周边# 不典型蓉城夏日之旅（成都巴适指南2.0版本）,2020/08/25,9,9000,独自一人,深度游 美食 摄影 夏季 暑假,6万,https://travel.qunar.com/travelbook/note/7696479
呼伦贝尔旅游攻略,一场为期八天的说走就走的内蒙古之旅,2021/08/22,1,,,,7807,https://travel.qunar.com/travelbook/note/7696316
厦门旅游攻略,你与世界的距离 只差一场说走就走的旅行——厦门行,2017/02/04,5,,情侣,深度游 摄影 海滨海岛 寒假,9564,https://travel.qunar.com/travelbook/note/7696197
武威旅游攻略,访古凉州，吟一首边塞诗，唱尽宝藏武威的前世今生,2021/04/03,5,2000,三五好友,深度游 自驾 摄影 清明,1.6万,https://travel.qunar.com/travelbook/note/7695542
大同旅游攻略,逃离现代和署热，走进历史的清凉与繁华,2021/07/21,10,2300,独自一人,古镇 夏季,5272,https://travel.qunar.com/travelbook/note/7695539
拉萨旅游攻略,旅居拉萨，生活在雪域高原的人真幸福啊,2021/04/10,99+,15000,独自一人,,3847,https://travel.qunar.com/travelbook/note/7695951
景德镇旅游攻略,有种瓷器叫中国，千年瓷都见证中华工业文明传承，景德镇陶瓷文化之旅,2021/06/07,4,2000,三五好友,深度游 摄影 古镇 端午,8523,https://travel.qunar.com/travelbook/note/7694444
迪拜旅游攻略,我可能去了一个假迪拜｜你好啊，土豪国,2019/05/26,6,,家庭,第一次 摄影 暑假,1.1万,https://travel.qunar.com/travelbook/note/7694244
